Open,High,Low,Close,Volume
261.9450612182617,269.9749755859375,256.2449951171875, 0, 0
