Open,High,Low,Close,Volume
265.0947012329102,269.9749755859375,256.2449951171875, 0, 0
