Open,High,Low,Close,Volume
169.236484375,170.95999908447266,162.04000091552734, 0, 0
